,,,,,,,,,,附加属性,,,,,,,,,,,,,,,,,升级材料,,,升级目标,
装备ID,名称,强化等级,美术资源,装备描述,品质quality,物品等级LV,使用等级use LV,价格price,自动销毁时间 distroy time,攻击数值（att),攻击百分比,速度数值（speed),速度百分比,生命数值(hp),生命百分比,防御百分百（def),防御数值,集中值（focus),暴击几率(crit chance),暴击伤害（crit damage),闪避(dodge),格挡（ Block）,反击(Counter）,反击伤害,定身特技（stunt),混乱（confusion),升级材料1,升级材料2,升级材料3,,
W01011,短剑,1,W0101_1,铁制的短剑，非常普通,1,1,1,50,-1,16,,,,,,,,,,,,,,,,,,,,W01012,
W01012,短剑,2,W0101_2,铁制的短剑，非常普通,2,1,1,50,-1,21,,2,,,,,,,,,,,,,,,,,,W01013,
W01013,短剑,3,W0101_3,铁制的短剑，非常普通,3,1,1,50,-1,26,,4,,,10,,,,,,,,,,,,,,,W01014,
W01014,短剑,4,W0101_4,铁制的短剑，非常普通,4,1,1,50,-1,30,,6,,,20,,,,,,,,,,,,,,,,
W01021,轻灵剑,1,W0102_1,只看名字就知道这不是一件大众化的武器,1,4,4,50,-1,27,,,,,5,,,,,,,,,,,,,,,W01022,
W01022,轻灵剑,2,W0102_2,只看名字就知道这不是一件大众化的武器,2,4,4,50,-1,35,,,,,5,,,,5,,,,,,,,,,,W01023,
W01023,轻灵剑,3,W0102_3,只看名字就知道这不是一件大众化的武器,3,4,4,50,-1,43,,,,,10,,,,10,,,,,,,,,,,W01024,
W01024,轻灵剑,4,W0102_4,只看名字就知道这不是一件大众化的武器,4,4,4,50,-1,51,,,,,10,,,,15,,,,,,,,,,,,
W01031,风隐短刀,1,W0103_1,剑身上刻有一行小字：小白的佩刀,1,8,8,50,-1,45,,,,,,,,,,,,,,,3,,,,,W01032,
W01032,风隐短刀,2,W0103_2,剑身上刻有一行小字：小白的佩刀,2,8,8,50,-1,58,,,,,,,,5,,,,,,,,,,,,W01033,
W01033,风隐短刀,3,W0103_3,剑身上刻有一行小字：小白的佩刀,3,8,8,50,-1,72,,,,,,,,15,,,,,,,,,,,,W01034,
W01034,风隐短刀,4,W0103_4,剑身上刻有一行小字：小白的佩刀,4,8,8,50,-1,85,,,,,,,,30,,,,,,,,,,,,,
W01041,武之长剑,1,W0104_1,"武者的长剑，打磨的非常锋利,可见武器的主人非常爱护它",1,12,12,50,-1,76,,,,,,,,,,,,,,,,,,,,W01042,
W01042,武之长剑,2,W0104_2,"武者的长剑，打磨的非常锋利,可见武器的主人非常爱护它",2,12,12,50,-1,98,,,,,,,,,,,,,5,,,,,,,W01043,
W01043,武之长剑,3,W0104_3,"武者的长剑，打磨的非常锋利,可见武器的主人非常爱护它",3,12,12,50,-1,121,,,,,,,,,,,,5,10,,,,,,,W01044,
W01044,武之长剑,4,W0104_4,"武者的长剑，打磨的非常锋利,可见武器的主人非常爱护它",4,12,12,50,-1,144,,,,,,,,,,,,10,15,,,,,,,,
W01051,银刃火剑,1,W0105_1,有一团火焰包围着剑身，你仿佛看不清楚剑身的轮廓,1,16,16,50,-1,129,,1,,,,,,,,,,,,,,,,,,W01052,
W01052,银刃火剑,2,W0105_2,有一团火焰包围着剑身，你仿佛看不清楚剑身的轮廓,2,16,16,50,-1,167,,3,,,,,,,,,,,,,,,,,,W01053,
W01053,银刃火剑,3,W0105_3,有一团火焰包围着剑身，你仿佛看不清楚剑身的轮廓,3,16,16,50,-1,206,,6,,,,,,,,,5,,,,,,,,,W01054,
W01054,银刃火剑,4,W0105_4,有一团火焰包围着剑身，你仿佛看不清楚剑身的轮廓,4,16,16,50,-1,245,,10,,,,,,,,,10,,,,,,,,,,
W01061,圆月轻刀,1,W0106_1,皎洁如圆月，清明如月光,1,20,20,50,-1,219,,,,,,,,,,,,10,,,,,,,,W01062,
W01062,圆月轻刀,2,W0106_2,皎洁如圆月，清明如月光,2,20,20,50,-1,284,,,,,,5,,,,,,15,,,,,,,,W01063,
W01063,圆月轻刀,3,W0106_3,皎洁如圆月，清明如月光,3,20,20,50,-1,350,,,,,,10,,,,,,20,,,,,,,,W01064,
W01064,圆月轻刀,4,W0106_4,皎洁如圆月，清明如月光,4,20,20,50,-1,416,,,,,,20,,,,,,30,,,,,,,,,
W01071,亡语短刀,1,W0107_1,拿起它的时候，你仿佛听到了亡者的低语,1,24,24,50,-1,372,,,,,,,,,,,,,,,5,,,,,W01072,
W01072,亡语短刀,2,W0107_2,拿起它的时候，你仿佛听到了亡者的低语,2,24,24,50,-1,483,10,,,,,,,,,,,,,,8,,,,,W01073,
W01073,亡语短刀,3,W0107_3,拿起它的时候，你仿佛听到了亡者的低语,3,24,24,50,-1,595,25,,,,,,,,,,,,,,12,,,,,W01074,
W01074,亡语短刀,4,W0107_4,拿起它的时候，你仿佛听到了亡者的低语,4,24,24,50,-1,706,40,,,,,,,,,,,,,,15,,,,,,
W01081,承师灵剑,1,W0108_1,出自大海深处，远古期留下的神兵利器。,1,28,28,50,-1,632,,,,,,,,,,,,,,,10,,,,,W01082,
W01082,承师灵剑,2,W0108_2,出自大海深处，远古期留下的神兵利器。,2,28,28,50,-1,821,,,,,,,,10,,,,,,,15,,,,,W01083,
W01083,承师灵剑,3,W0108_3,出自大海深处，远古期留下的神兵利器。,3,28,28,50,-1,1011,,,,,,,,20,,,,,,,15,10,,,,W01084,
W01084,承师灵剑,4,W0108_4,出自大海深处，远古期留下的神兵利器。,4,28,28,50,-1,1200,,,,,,,,30,,,,,,,15,15,,,,,
W01091,龙吟古剑,1,W0109_1,远古时期的遗物，舞动之时，隐约能够听到龙吟之声。,1,32,32,50,-1,1074,,,,,,,,,,,,,,,,,,,,W01092,
W01092,龙吟古剑,2,W0109_2,远古时期的遗物，舞动之时，隐约能够听到龙吟之声。,2,32,32,50,-1,1396,,,,,,,,,15,,,,,,,,,,,W01093,
W01093,龙吟古剑,3,W0109_3,远古时期的遗物，舞动之时，隐约能够听到龙吟之声。,3,32,32,50,-1,1718,,,,,,,,15,20,,,,,,,,,,,W01094,
W01094,龙吟古剑,4,W0109_4,远古时期的遗物，舞动之时，隐约能够听到龙吟之声。,4,32,32,50,-1,2040,15,,,,,,,20,25,,,,,,,,,,,,
W01101,诛神之剑,1,W0110_1,神灵究竟是否会死还是个疑问，但这把剑明显并非是这个世界的造物，式样古朴，杀气惊人,1,36,36,50,-1,1825,,,,,10,,,,,,,,,,,,,,,W01102,
W01102,诛神之剑,2,W0110_2,神灵究竟是否会死还是个疑问，但这把剑明显并非是这个世界的造物，式样古朴，杀气惊人,2,36,36,50,-1,2372,,,,,15,,,,,,,,,,,,,,,W01103,
W01103,诛神之剑,3,W0110_3,神灵究竟是否会死还是个疑问，但这把剑明显并非是这个世界的造物，式样古朴，杀气惊人,3,36,36,50,-1,2920,,,,,20,,,,,,10,,,,,,,,,W01104,
W01104,诛神之剑,4,W0110_4,神灵究竟是否会死还是个疑问，但这把剑明显并非是这个世界的造物，式样古朴，杀气惊人,4,36,36,50,-1,3467,,,,,25,,,,,,15,,25,,,,,,,,
W02011,青竹,1,W0201_1,木制短棍，轻巧实用,1,1,1,50,-1,8,,,,,,,,,,,,,,,,,,,,W02012,
W02012,青竹,2,W0201_2,木制短棍，轻巧实用,2,1,1,50,-1,10,,2,,,,5,,,,,,,,,,,,,,W02013,
W02013,青竹,3,W0201_3,木制短棍，轻巧实用,3,1,1,50,-1,12,,4,,,,10,,,,,,,,,,,,,,W02014,
W02014,青竹,4,W0201_4,木制短棍，轻巧实用,4,1,1,50,-1,15,,6,,,,20,,,,,,,,,,,,,,,
W02021,烧火棍,1,W0202_1,看似细小却有不小的威力，可以当作兵器防身,1,4,4,50,-1,13,,,,,5,,,,,,,,,,,,,,,W02022,
W02022,烧火棍,2,W0202_2,看似细小却有不小的威力，可以当作兵器防身,2,4,4,50,-1,16,,,,,5,,,,,,5,,,,,,,,,W02023,
W02023,烧火棍,3,W0202_3,看似细小却有不小的威力，可以当作兵器防身,3,4,4,50,-1,20,,,,,10,,,,,,10,,,,,,,,,W02024,
W02024,烧火棍,4,W0202_4,看似细小却有不小的威力，可以当作兵器防身,4,4,4,50,-1,24,,,,,10,,,,,,15,,,,,,,,,,
W02031,盘花短棍,1,W0203_1,棒身缠着金丝花纹，显得华丽不凡,1,8,8,50,-1,22,,,,,,,,,,,,,,,3,,,,,W02032,
W02032,盘花短棍,2,W0203_2,棒身缠着金丝花纹，显得华丽不凡,2,8,8,50,-1,28,,,,,,,,5,,,,,,,,,,,,W02033,
W02033,盘花短棍,3,W0203_3,棒身缠着金丝花纹，显得华丽不凡,3,8,8,50,-1,35,,,,,,,,15,,,,,10,,,,,,,W02034,
W02034,盘花短棍,4,W0203_4,棒身缠着金丝花纹，显得华丽不凡,4,8,8,50,-1,41,,,,,,,,30,,,,,15,,,,,,,,
W02041,墨竹杖,1,W0204_1,百年墨竹所制，有非同一般的威力,1,12,12,50,-1,37,,,,,,,,,,,,,,,,,,,,W02042,
W02042,墨竹杖,2,W0204_2,百年墨竹所制，有非同一般的威力,2,12,12,50,-1,48,,,,,5,,,,,,,,5,,,,,,,W02043,
W02043,墨竹杖,3,W0204_3,百年墨竹所制，有非同一般的威力,3,12,12,50,-1,59,,,,,,5,,,,,,,10,,,,,,,W02044,
W02044,墨竹杖,4,W0204_4,百年墨竹所制，有非同一般的威力,4,12,12,50,-1,70,,,,,,10,,,,,,,15,,,,,,,,
W02051,灵犀棒,1,W0205_1,棍身为灵犀角所制，威力惊人,1,16,16,50,-1,62,,,,,,,,,,,,,,,,,,,,W02052,
W02052,灵犀棒,2,W0205_2,棍身为灵犀角所制，威力惊人,2,16,16,50,-1,80,,1,,,,,,,,,,,,,,,,,,W02053,
W02053,灵犀棒,3,W0205_3,棍身为灵犀角所制，威力惊人,3,16,16,50,-1,99,,3,,,,,,,,,5,,,,,,,,,W02054,
W02054,灵犀棒,4,W0205_4,棍身为灵犀角所制，威力惊人,4,16,16,50,-1,117,,6,,,,,,,,,10,,,,,,,,,,
W02061,冰火短棍,1,W0206_1,被人施加密咒，封印着寒冰和火焰的力量,1,20,20,50,-1,105,,,,,,,,,,,,10,,,,,,,,W02062,
W02062,冰火短棍,2,W0206_2,被人施加密咒，封印着寒冰和火焰的力量,2,20,20,50,-1,136,,,,,5,,,,,,,15,,,,,,,,W02063,
W02063,冰火短棍,3,W0206_3,被人施加密咒，封印着寒冰和火焰的力量,3,20,20,50,-1,168,,,,,10,,,,,,,20,,,,,,,,W02064,
W02064,冰火短棍,4,W0206_4,被人施加密咒，封印着寒冰和火焰的力量,4,20,20,50,-1,199,,,,,20,,,,,,,30,,,,,,,,,
W02071,山鬼短棍,1,W0207_1,漆黑的棍身上刻着一个暗色恶鬼，使它流露出神秘阴冷的气息,1,24,24,50,-1,178,,,,,,,,,,,,,,,5,,,,,W02072,
W02072,山鬼短棍,2,W0207_2,漆黑的棍身上刻着一个暗色恶鬼，使它流露出神秘阴冷的气息,2,24,24,50,-1,231,10,,,,,,,,,,,,,,8,,,,,W02073,
W02073,山鬼短棍,3,W0207_3,漆黑的棍身上刻着一个暗色恶鬼，使它流露出神秘阴冷的气息,3,24,24,50,-1,284,25,,,,,,,,,,,,,,12,,,,,W02074,
W02074,山鬼短棍,4,W0207_4,漆黑的棍身上刻着一个暗色恶鬼，使它流露出神秘阴冷的气息,4,24,24,50,-1,338,40,,,,,,,,,,,,,,15,,,,,,
W02081,灵魔短棍,1,W0208_1,古朴而且华丽，有能量从棍中散发出来,1,28,28,50,-1,302,,,,,,,,,,,,10,,,,,,,,W02082,
W02082,灵魔短棍,2,W0208_2,古朴而且华丽，有能量从棍中散发出来,2,28,28,50,-1,392,,,,,,10,,,,,,15,,,,,,,,W02083,
W02083,灵魔短棍,3,W0208_3,古朴而且华丽，有能量从棍中散发出来,3,28,28,50,-1,483,,,,,,20,,,,,,15,,,10,,,,,W02084,
W02084,灵魔短棍,4,W0208_4,古朴而且华丽，有能量从棍中散发出来,4,28,28,50,-1,573,,,,,,30,,,,,,15,,,15,,,,,,
W02091,龙骨棍,1,W0209_1,魔龙的财产……好吧，它本身就是一根龙骨,1,32,32,50,-1,513,,,,,5,,,,,,5,,,,,,,,,W02092,
W02092,龙骨棍,2,W0209_2,魔龙的财产……好吧，它本身就是一根龙骨,2,32,32,50,-1,666,,,,,15,,,,15,,,,,,,,,,,W02093,
W02093,龙骨棍,3,W0209_3,魔龙的财产……好吧，它本身就是一根龙骨,3,32,32,50,-1,820,,,,,,,,15,20,,,,,,,,,,,W02094,
W02094,龙骨棍,4,W0209_4,魔龙的财产……好吧，它本身就是一根龙骨,4,32,32,50,-1,974,15,,,,,,,20,25,,,,,,,,,,,,
W02101,神巫之臂,1,W0210_1,好像是神的手臂，又或者不是……,1,36,36,50,-1,872,,,,,10,,,,,,,,,,,,,,,W02102,
W02102,神巫之臂,2,W0210_2,好像是神的手臂，又或者不是……,2,36,36,50,-1,1133,,,,,15,,,,,,5,,,,,,,,,W02103,
W02103,神巫之臂,3,W0210_3,好像是神的手臂，又或者不是……,3,36,36,50,-1,1395,,,,,20,,,,,,10,,,,,,,,,W02104,
W02104,神巫之臂,4,W0210_4,好像是神的手臂，又或者不是……,4,36,36,50,-1,1656,,,,,25,,,,,,15,,25,,,,,,,,
W03051,古玉刺,1,W0305_1,墨玉所制，暗光流动,1,16,16,50,-1,125,,2,,,,,,,,,,,,,,,,,,W03052,
W03052,古玉刺,2,W0305_2,墨玉所制，暗光流动,2,16,16,50,-1,162,,3,,,,,,,,,,,,,,,,,,W03053,
W03053,古玉刺,3,W0305_3,墨玉所制，暗光流动,3,16,16,50,-1,200,,6,,,,,,,,,5,,,,,,,,,W03054,
W03054,古玉刺,4,W0305_4,墨玉所制，暗光流动,4,16,16,50,-1,237,,10,,,,,,,,,10,,,,,,,,,,
W03061,恶魂角刺,1,W0306_1,刺身古怪虬曲，似乎有无形的魔力散发出来,1,20,20,50,-1,212,,,,,,,,,,,,10,,,,,,,,W03062,
W03062,恶魂角刺,2,W0306_2,刺身古怪虬曲，似乎有无形的魔力散发出来,2,20,20,50,-1,275,,,,,,5,,,,,,15,,,,,,,,W03063,
W03063,恶魂角刺,3,W0306_3,刺身古怪虬曲，似乎有无形的魔力散发出来,3,20,20,50,-1,339,,,,,,10,,,,,,20,,,,,,,,W03064,
W03064,恶魂角刺,4,W0306_4,刺身古怪虬曲，似乎有无形的魔力散发出来,4,20,20,50,-1,402,,,,,,20,,,,,,30,,,,,,,,,
W03071,毒蝎之刺,1,W0307_1,毒蝎之尾做成的双刺，毒刺可以麻痹敌人,1,24,24,50,-1,360,,,,,,,,,,,,,,,5,,,,,W03072,
W03072,毒蝎之刺,2,W0307_2,毒蝎之尾做成的双刺，毒刺可以麻痹敌人,2,24,24,50,-1,468,,,,,,,,,5,,,,,,8,,,,,W03073,
W03073,毒蝎之刺,3,W0307_3,毒蝎之尾做成的双刺，毒刺可以麻痹敌人,3,24,24,50,-1,576,,,,,,,,,10,,,,,,12,,,,,W03074,
W03074,毒蝎之刺,4,W0307_4,毒蝎之尾做成的双刺，毒刺可以麻痹敌人,4,24,24,50,-1,684,,,,,,,,,25,,,,,,15,,,,,,
W03081,灵鲨尖齿,1,W0308_1,巨鲨利齿制成的双股刺，一旦击中对方，便可造成难以治愈的伤口,1,28,28,50,-1,612,,,,,,,,,,,,,,,10,,,,,W03082,
W03082,灵鲨尖齿,2,W0308_2,巨鲨利齿制成的双股刺，一旦击中对方，便可造成难以治愈的伤口,2,28,28,50,-1,795,,,,,,,,10,,,,,,,15,,,,,W03083,
W03083,灵鲨尖齿,3,W0308_3,巨鲨利齿制成的双股刺，一旦击中对方，便可造成难以治愈的伤口,3,28,28,50,-1,979,,,,,,,,20,,,,,,,15,10,,,,W03084,
W03084,灵鲨尖齿,4,W0308_4,巨鲨利齿制成的双股刺，一旦击中对方，便可造成难以治愈的伤口,4,28,28,50,-1,1162,,,,,,,,30,,,,,,,15,15,,,,,
W03091,冰魂刺,1,W0309_1,上古冰魂的藏品，见过它的人没有几个,1,32,32,50,-1,1040,,,,,,,,,,,,,,,,,,,,W03092,
W03092,冰魂刺,2,W0309_2,上古冰魂的藏品，见过它的人没有几个,2,32,32,50,-1,1352,,,,,,,,,15,,,,,,,,,,,W03093,
W03093,冰魂刺,3,W0309_3,上古冰魂的藏品，见过它的人没有几个,3,32,32,50,-1,1664,,,,,,,,15,20,,,,,,,,,,,W03094,
W03094,冰魂刺,4,W0309_4,上古冰魂的藏品，见过它的人没有几个,4,32,32,50,-1,1976,15,,,,,,,20,25,,,,,,,,,,,,
W03101,邪龙刺,1,W0310_1,极限刺杀的武器，和邪龙一样，见过它的人大部分都已经死了,1,36,36,50,-1,1768,,,,,10,,,,,,,,,,,,,,,W03102,
W03102,邪龙刺,2,W0310_2,极限刺杀的武器，和邪龙一样，见过它的人大部分都已经死了,2,36,36,50,-1,2298,,,,,15,,,,,,,,,,,,,,,W03103,
W03103,邪龙刺,3,W0310_3,极限刺杀的武器，和邪龙一样，见过它的人大部分都已经死了,3,36,36,50,-1,2828,,,,,20,,,,,,10,,,,,,,,,W03104,
W03104,邪龙刺,4,W0310_4,极限刺杀的武器，和邪龙一样，见过它的人大部分都已经死了,4,36,36,50,-1,3359,,,,,25,,,,,,15,,25,,,,,,,,
W04021,白符石,1,W0402_1,它是白色的，但它不是廉价的,1,4,4,50,-1,24,5,,,,,,,,,,5,,,,,,,,,W04022,
W04022,白符石,2,W0402_2,它是白色的，但它不是廉价的,2,4,4,50,-1,31,10,,,,,,,,5,,,,,,,,,,,W04023,
W04023,白符石,3,W0402_3,它是白色的，但它不是廉价的,3,4,4,50,-1,38,,,,,10,,,,10,,,,,,,,,,,W04024,
W04024,白符石,4,W0402_4,它是白色的，但它不是廉价的,4,4,4,50,-1,45,,,,,10,,,,15,,,,,,,,,,,,
W04031,猫眼符石,1,W0403_1,“瞎了我的眼”-某只猫妖说道,1,8,8,50,-1,40,,,,,,,,,,,,,,,3,,,,,W04032,
W04032,猫眼符石,2,W0403_2,“瞎了我的眼”-某只猫妖说道,2,8,8,50,-1,52,,,,,,,,5,,,,,,,,,,,,W04033,
W04033,猫眼符石,3,W0403_3,“瞎了我的眼”-某只猫妖说道,3,8,8,50,-1,64,,,,,,,,15,,,,,,,,,,,,W04034,
W04034,猫眼符石,4,W0403_4,“瞎了我的眼”-某只猫妖说道,4,8,8,50,-1,76,,,,,,,,30,,,,,,,,,,,,,
W04041,蓝晶符石,1,W0404_1,有一团蓝光包围在符石的周围,1,12,12,50,-1,68,,,,,,,,,,,,,,,,,,,,W04042,
W04042,蓝晶符石,2,W0404_2,有一团蓝光包围在符石的周围,2,12,12,50,-1,88,,,,,,,,,,,,,5,,,,,,,W04043,
W04043,蓝晶符石,3,W0404_3,有一团蓝光包围在符石的周围,3,12,12,50,-1,108,,,,,,,,,,,,5,10,,,,,,,W04044,
W04044,蓝晶符石,4,W0404_4,有一团蓝光包围在符石的周围,4,12,12,50,-1,129,,,,,,,,,,,,10,15,,,,,,,,
W04051,紫魄符石,1,W0405_1,看的见的能量正缓缓的散发出来,1,16,16,50,-1,115,,,,,,,,,,,,,,,,,,,,W04052,
W04052,紫魄符石,2,W0405_2,看的见的能量正缓缓的散发出来,2,16,16,50,-1,149,,,,,,,,,,5,,,,,,,,,,W04053,
W04053,紫魄符石,3,W0405_3,看的见的能量正缓缓的散发出来,3,16,16,50,-1,184,,,,,,,,,,15,,,5,,,,,,,W04054,
W04054,紫魄符石,4,W0405_4,看的见的能量正缓缓的散发出来,4,16,16,50,-1,218,,,,,,,,,,30,,,10,,,,,,,,
W04061,玲珑咒石,1,W0406_1,挥之不去的诅咒会永远伴随着你的敌人,1,20,20,50,-1,195,,,,,,,,,,,,10,,,,,,,,W04062,
W04062,玲珑咒石,2,W0406_2,挥之不去的诅咒会永远伴随着你的敌人,2,20,20,50,-1,253,,,,,,5,,,,,,15,,,,,,,,W04063,
W04063,玲珑咒石,3,W0406_3,挥之不去的诅咒会永远伴随着你的敌人,3,20,20,50,-1,312,,,,,,10,,,,,,20,,,,,,,,W04064,
W04064,玲珑咒石,4,W0406_4,挥之不去的诅咒会永远伴随着你的敌人,4,20,20,50,-1,370,,,,,,20,,,,,,30,,,,,,,,,
W04071,鬼魔符文,1,W0407_1,符石本身透出森森鬼气，有着摄人心魄的魔力,1,24,24,50,-1,331,,,,,,,,,,,,,,,5,,,,,W04072,
W04072,鬼魔符文,2,W0407_2,符石本身透出森森鬼气，有着摄人心魄的魔力,2,24,24,50,-1,430,10,,,,,,,,,,,,,,8,,,,,W04073,
W04073,鬼魔符文,3,W0407_3,符石本身透出森森鬼气，有着摄人心魄的魔力,3,24,24,50,-1,529,25,,,,,,,,,,,,,,12,,,,,W04074,
W04074,鬼魔符文,4,W0407_4,符石本身透出森森鬼气，有着摄人心魄的魔力,4,24,24,50,-1,628,40,,,,,,,,,,,,,,15,,,,,,
W04081,祭祀灵晶,1,W0408_1,丛林祭祀的灵晶，见证过很多次祭典,1,28,28,50,-1,562,,,,,,,,,,,,,,,10,,,,,W04082,
W04082,祭祀灵晶,2,W0408_2,丛林祭祀的灵晶，见证过很多次祭典,2,28,28,50,-1,730,,,,,,,,10,,,,,,,15,,,,,W04083,
W04083,祭祀灵晶,3,W0408_3,丛林祭祀的灵晶，见证过很多次祭典,3,28,28,50,-1,899,,,,,,,,20,,,,,,,15,10,,,,W04084,
W04084,祭祀灵晶,4,W0408_4,丛林祭祀的灵晶，见证过很多次祭典,4,28,28,50,-1,1067,,,,,,,,30,,,,,,,15,15,,,,,
W04091,火灵印记,1,W0409_1,“火灵王，赋予我火焰的力量”-你在心里不由的念道,1,32,32,50,-1,955,,,,,,,,,,,,,,,,,,,,W04092,
W04092,火灵印记,2,W0409_2,“火灵王，赋予我火焰的力量”-你在心里不由的念道,2,32,32,50,-1,1241,,,,,,,,,15,,,,,,,,,,,W04093,
W04093,火灵印记,3,W0409_3,“火灵王，赋予我火焰的力量”-你在心里不由的念道,3,32,32,50,-1,1528,,,,,,,,15,20,,,,,,,,,,,W04094,
W04094,火灵印记,4,W0409_4,“火灵王，赋予我火焰的力量”-你在心里不由的念道,4,32,32,50,-1,1814,15,,,,,,,20,25,,,,,,,,,,,,
W04101,古神印记,1,W0410_1,神灵的印记，散发出的奇异而耀眼的能量波动,1,36,36,50,-1,1623,10,,,,,,,,,,,,,,,,,,,W04102,
W04102,古神印记,2,W0410_2,神灵的印记，散发出的奇异而耀眼的能量波动,2,36,36,50,-1,2109,15,,,,,,,,,,5,,,,,,,,,W04103,
W04103,古神印记,3,W0410_3,神灵的印记，散发出的奇异而耀眼的能量波动,3,36,36,50,-1,2596,20,,,,,,,,,,10,,,,,,,,,W04104,
W04104,古神印记,4,W0410_4,神灵的印记，散发出的奇异而耀眼的能量波动,4,36,36,50,-1,3083,25,,,,,,,,,,15,,25,,,,,,,,
W05031,流风拳套 ,1,W0503_1,轻盈如流风般迅捷,1,8,8,50,-1,20,,,,,,,,,,,,,,,5,,,,,W05032,
W05032,流风拳套 ,2,W0503_2,轻盈如流风般迅捷,2,8,8,50,-1,26,,,,,,,,5,,,,,,,8,,,,,W05033,
W05033,流风拳套 ,3,W0503_3,轻盈如流风般迅捷,3,8,8,50,-1,32,,,,,,,,15,,,,,5,,,,,,,W05034,
W05034,流风拳套 ,4,W0503_4,轻盈如流风般迅捷,4,8,8,50,-1,38,,,,,,,,30,,,,,10,,,,,,,,
W05041,寒铁腕刃,1,W0504_1,寒铁所铸，非常锐利,1,12,12,50,-1,34,,,,,,,,,,,,,,,,,,,,W05042,
W05042,寒铁腕刃,2,W0504_2,寒铁所铸，非常锐利,2,12,12,50,-1,44,,,,,,,,,,,,,5,,,,,,,W05043,
W05043,寒铁腕刃,3,W0504_3,寒铁所铸，非常锐利,3,12,12,50,-1,54,,,,,,,,,,,,5,10,,,,,,,W05044,
W05044,寒铁腕刃,4,W0504_4,寒铁所铸，非常锐利,4,12,12,50,-1,64,,,,,,,,,,,,10,15,,,,,,,,
W05051,紫金拳套,1,W0505_1,紫金是很珍贵的金属，用它做武器未免太浪费了,1,16,16,50,-1,57,,2,,,,,,,,,,,,,,,,,,W05052,
W05052,紫金拳套,2,W0505_2,紫金是很珍贵的金属，用它做武器未免太浪费了,2,16,16,50,-1,74,,3,,,,,,,,,,5,,,,,,,,W05053,
W05053,紫金拳套,3,W0505_3,紫金是很珍贵的金属，用它做武器未免太浪费了,3,16,16,50,-1,91,,8,,,,,,,,,5,,,,,,,,,W05054,
W05054,紫金拳套,4,W0505_4,紫金是很珍贵的金属，用它做武器未免太浪费了,4,16,16,50,-1,108,,10,,,,,,,,,10,,,,,,,,,,
W05061,骄阳拳套,1,W0506_1,如骄阳般闪耀，如飓风般凌厉,1,20,20,50,-1,96,,,,,,,,,,,,,10,,,,,,,W05062,
W05062,骄阳拳套,2,W0506_2,如骄阳般闪耀，如飓风般凌厉,2,20,20,50,-1,124,,,,,5,,,,,,,,15,,,,,,,W05063,
W05063,骄阳拳套,3,W0506_3,如骄阳般闪耀，如飓风般凌厉,3,20,20,50,-1,153,,,,,10,,,,,,,20,,,,,,,,W05064,
W05064,骄阳拳套,4,W0506_4,如骄阳般闪耀，如飓风般凌厉,4,20,20,50,-1,182,,,,,20,,,,,,,30,,,,,,,,,
W05071,屠人手刃,1,W0507_1,死于这把武器下的冤魂不知道有多少,1,24,24,50,-1,163,,,,,,,,,,,,,,,,5,,,,W05072,
W05072,屠人手刃,2,W0507_2,死于这把武器下的冤魂不知道有多少,2,24,24,50,-1,211,10,,,,,,,,,,,,,,,8,,,,W05073,
W05073,屠人手刃,3,W0507_3,死于这把武器下的冤魂不知道有多少,3,24,24,50,-1,260,25,,,,,,,,,,,,,,,12,,,,W05074,
W05074,屠人手刃,4,W0507_4,死于这把武器下的冤魂不知道有多少,4,24,24,50,-1,309,40,,,,,,,,,,,,,,,15,,,,,
W05081,骸骨幽爪,1,W0508_1,骸骨打造，饰以冥文，透出森森鬼气,1,28,28,50,-1,277,,,,,,,,,,,,,,,10,,,,,W05082,
W05082,骸骨幽爪,2,W0508_2,骸骨打造，饰以冥文，透出森森鬼气,2,28,28,50,-1,360,,,,,,,,10,,,,,,,15,,,,,W05083,
W05083,骸骨幽爪,3,W0508_3,骸骨打造，饰以冥文，透出森森鬼气,3,28,28,50,-1,443,,,,,,,,20,,,,,,,,10,,,,W05084,
W05084,骸骨幽爪,4,W0508_4,骸骨打造，饰以冥文，透出森森鬼气,4,28,28,50,-1,526,,,,,,,,30,,,,,,,,15,,,,,
W05091,妖炎拳套,1,W0509_1,血红色的火焰缠绕在武器的周围,1,32,32,50,-1,470,,,,,,,,,,,,,,,,,,,,W05092,
W05092,妖炎拳套,2,W0509_2,血红色的火焰缠绕在武器的周围,2,32,32,50,-1,611,,,,,,,,,15,,,,,,,,,,,W05093,
W05093,妖炎拳套,3,W0509_3,血红色的火焰缠绕在武器的周围,3,32,32,50,-1,752,,,,,,,,15,20,,,,,,,,,,,W05094,
W05094,妖炎拳套,4,W0509_4,血红色的火焰缠绕在武器的周围,4,32,32,50,-1,893,15,,,,,,,20,25,,,,,,,,,,,,
W05101,碧蓝怒火,1,W0510_1,拳套上永不熄灭的蓝焰在熊熊燃烧着，就好像无尽的怒火,1,36,36,50,-1,799,,,,,,,,,,,,,,,,,,,,W05102,
W05102,碧蓝怒火,2,W0510_2,拳套上永不熄灭的蓝焰在熊熊燃烧着，就好像无尽的怒火,2,36,36,50,-1,1038,,,,,,,,,,,5,,,,,5,,,,W05103,
W05103,碧蓝怒火,3,W0510_3,拳套上永不熄灭的蓝焰在熊熊燃烧着，就好像无尽的怒火,3,36,36,50,-1,1278,,,,,,,,,,,10,,,,,10,,,,W05104,
W05104,碧蓝怒火,4,W0510_4,拳套上永不熄灭的蓝焰在熊熊燃烧着，就好像无尽的怒火,4,36,36,50,-1,1518,,,,,25,,,,,,15,,,,,25,,,,,
W06041,琉璃瓶,1,W0604_1,这瓶子或许值很多钱,1,12,12,50,-1,71,,,,,,,,,,,,,,,,,,,,W06042,
W06042,琉璃瓶,2,W0604_2,这瓶子或许值很多钱,2,12,12,50,-1,92,,,,,,,,,,,,,5,,,,,,,W06043,
W06043,琉璃瓶,3,W0604_3,这瓶子或许值很多钱,3,12,12,50,-1,113,,,,,,,,,,,,5,10,,,,,,,W06044,
W06044,琉璃瓶,4,W0604_4,这瓶子或许值很多钱,4,12,12,50,-1,134,,,,,,,,,,,,10,15,,,,,,,,
W06051,古铜瓶,1,W0605_1,造型古朴，已经出现锈迹了，但透体而出的魔力，证明了它的不凡,1,16,16,50,-1,120,,,,,,,,,,,,,,,,,,,,W06052,
W06052,古铜瓶,2,W0605_2,造型古朴，已经出现锈迹了，但透体而出的魔力，证明了它的不凡,2,16,16,50,-1,156,10,,,,,,,,,,,,,,,,,,,W06053,
W06053,古铜瓶,3,W0605_3,造型古朴，已经出现锈迹了，但透体而出的魔力，证明了它的不凡,3,16,16,50,-1,192,15,,,,,,,,,,5,,,,,,,,,W06054,
W06054,古铜瓶,4,W0605_4,造型古朴，已经出现锈迹了，但透体而出的魔力，证明了它的不凡,4,16,16,50,-1,228,20,,,,,,,,,,10,,,,,,,,,,
W06061,毒沙瓶,1,W0606_1,其实泼出瓶子里的沙，可以迷住敌人眼睛，但是我不会告诉你的,1,20,20,50,-1,204,,,,,,,,,10,,,,,,,,,,,W06062,
W06062,毒沙瓶,2,W0606_2,其实泼出瓶子里的沙，可以迷住敌人眼睛，但是我不会告诉你的,2,20,20,50,-1,265,,,,,,5,,,15,,,,,,,,,,,W06063,
W06063,毒沙瓶,3,W0606_3,其实泼出瓶子里的沙，可以迷住敌人眼睛，但是我不会告诉你的,3,20,20,50,-1,326,,,,,,10,,,20,,,,,,,,,,,W06064,
W06064,毒沙瓶,4,W0606_4,其实泼出瓶子里的沙，可以迷住敌人眼睛，但是我不会告诉你的,4,20,20,50,-1,387,,,,,,20,,,30,,,,,,,,,,,,
W06071,药心毒瓶,1,W0607_1,最毒的不是毒药，是人心,1,24,24,50,-1,346,,,,,,,,,,,,,,,5,,,,,W06072,
W06072,药心毒瓶,2,W0607_2,最毒的不是毒药，是人心,2,24,24,50,-1,449,10,,,,,,,,,,,,,,8,,,,,W06073,
W06073,药心毒瓶,3,W0607_3,最毒的不是毒药，是人心,3,24,24,50,-1,553,25,,,,,,,,,,,,,,12,,,,,W06074,
W06074,药心毒瓶,4,W0607_4,最毒的不是毒药，是人心,4,24,24,50,-1,657,40,,,,,,,,,,,,,,15,,,,,,
W06081,流星魔瓶,1,W0608_1,占星师的魔瓶，纯净的能量在瓶中流动,1,28,28,50,-1,588,,,,,,,,,,,,,10,,,,,,,W06082,
W06082,流星魔瓶,2,W0608_2,占星师的魔瓶，纯净的能量在瓶中流动,2,28,28,50,-1,764,,,,,,,,10,,,,,15,,,,,,,W06083,
W06083,流星魔瓶,3,W0608_3,占星师的魔瓶，纯净的能量在瓶中流动,3,28,28,50,-1,940,,,,,,,,20,,,,,,,,10,,,,W06084,
W06084,流星魔瓶,4,W0608_4,占星师的魔瓶，纯净的能量在瓶中流动,4,28,28,50,-1,1117,,,,,,,,30,,,,,,,,15,,,,,
W06091,巫毒之瓶,1,W0609_1,“毒巫都是善者，他们帮其他生灵早日解脱” -瓶底刻着这么一段话,1,32,32,50,-1,999,,,,,,,,,,,,,,,,,,,,W06092,
W06092,巫毒之瓶,2,W0609_2,“毒巫都是善者，他们帮其他生灵早日解脱” -瓶底刻着这么一段话,2,32,32,50,-1,1298,,,,,,,,,15,,,,,,,,,,,W06093,
W06093,巫毒之瓶,3,W0609_3,“毒巫都是善者，他们帮其他生灵早日解脱” -瓶底刻着这么一段话,3,32,32,50,-1,1598,,,,,,,,15,20,,,,,,,,,,,W06094,
W06094,巫毒之瓶,4,W0609_4,“毒巫都是善者，他们帮其他生灵早日解脱” -瓶底刻着这么一段话,4,32,32,50,-1,1898,15,,,,,,,20,25,,,,,,,,,,,,
W06101,水灵幻歌,1,W0610_1,“我的幻歌会带你们步入死亡” -海神,1,36,36,50,-1,1698,,,,,10,,,,,,,,,,,,,,,W06102,
W06102,水灵幻歌,2,W0610_2,“我的幻歌会带你们步入死亡” -海神,2,36,36,50,-1,2207,,,,,15,,,,,,,,,,,,,,,W06103,
W06103,水灵幻歌,3,W0610_3,“我的幻歌会带你们步入死亡” -海神,3,36,36,50,-1,2716,,,,,20,,,,10,,,,,,,,,,,W06104,
W06104,水灵幻歌,4,W0610_4,“我的幻歌会带你们步入死亡” -海神,4,36,36,50,-1,3226,,,,,25,,,,15,,,,25,,,,,,,,
W07051,银丝软鞭,1,W0705_1,银丝所制，弹性极佳，抽打之有破空之声,1,16,16,50,-1,112,,3,,,,,,,,,5,,,,,,,,,W07052,
W07052,银丝软鞭,2,W0705_2,银丝所制，弹性极佳，抽打之有破空之声,2,16,16,50,-1,145,,5,,,,,,,10,,,,,,,,,,,W07053,
W07053,银丝软鞭,3,W0705_3,银丝所制，弹性极佳，抽打之有破空之声,3,16,16,50,-1,179,,8,,,,,,,15,,,,,,,,,,,W07054,
W07054,银丝软鞭,4,W0705_4,银丝所制，弹性极佳，抽打之有破空之声,4,16,16,50,-1,212,,10,,,,,,,,,10,,,,,,,,,,
W07061,恶鬼锁链,1,W0706_1,希望你的命运比它上一个主人要好,1,20,20,50,-1,190,,,,,,,,,,,,,,,,10,,,,W07062,
W07062,恶鬼锁链,2,W0706_2,希望你的命运比它上一个主人要好,2,20,20,50,-1,247,5,,,,,,,,,,,,,,,15,,,,W07063,
W07063,恶鬼锁链,3,W0706_3,希望你的命运比它上一个主人要好,3,20,20,50,-1,304,10,,,,,,,,,,,20,,,,,,,,W07064,
W07064,恶鬼锁链,4,W0706_4,希望你的命运比它上一个主人要好,4,20,20,50,-1,361,20,,,,,,,,,,,30,,,,,,,,,
W07071,火蛇鞭,1,W0707_1,结似蛇骨，环环相联，抖动时骨节相撞，噼啪作响，隐约有火光透出,1,24,24,50,-1,323,,,,,,,,,,,,,,,5,,,,,W07072,
W07072,火蛇鞭,2,W0707_2,结似蛇骨，环环相联，抖动时骨节相撞，噼啪作响，隐约有火光透出,2,24,24,50,-1,419,10,,,,,,,,,,,,,,8,,,,,W07073,
W07073,火蛇鞭,3,W0707_3,结似蛇骨，环环相联，抖动时骨节相撞，噼啪作响，隐约有火光透出,3,24,24,50,-1,516,25,,,,,,,,,,12,,,,,,,,,W07074,
W07074,火蛇鞭,4,W0707_4,结似蛇骨，环环相联，抖动时骨节相撞，噼啪作响，隐约有火光透出,4,24,24,50,-1,613,40,,,,,,,,,,15,,,,,,,,,,
W07081,九星链刃,1,W0708_1,你从未想过死亡会离你如此之近,1,28,28,50,-1,549,,,,,10,,,,,,5,,,,,,,,,W07082,
W07082,九星链刃,2,W0708_2,你从未想过死亡会离你如此之近,2,28,28,50,-1,713,,,,,15,,,10,,,,,,,,,,,,W07083,
W07083,九星链刃,3,W0708_3,你从未想过死亡会离你如此之近,3,28,28,50,-1,878,,,,,15,,,20,,,,,,,,,,,,W07084,
W07084,九星链刃,4,W0708_4,你从未想过死亡会离你如此之近,4,28,28,50,-1,1043,,,,,15,,,30,,,,,,,,,,,,,
W07091,祭魂之链,1,W0709_1,当你看到它的时候，你不禁感觉到了一丝寒意，或许它比你想到的还要危险,1,32,32,50,-1,933,,,,,,,,,,,,,,,,,,,,W07092,
W07092,祭魂之链,2,W0709_2,当你看到它的时候，你不禁感觉到了一丝寒意，或许它比你想到的还要危险,2,32,32,50,-1,1212,,,,,,,,,15,,,,,,5,,,,,W07093,
W07093,祭魂之链,3,W0709_3,当你看到它的时候，你不禁感觉到了一丝寒意，或许它比你想到的还要危险,3,32,32,50,-1,1492,,,,,,,,,20,,,,,,15,,,,,W07094,
W07094,祭魂之链,4,W0709_4,当你看到它的时候，你不禁感觉到了一丝寒意，或许它比你想到的还要危险,4,32,32,50,-1,1772,15,,,,,,,,25,,,,,,20,,,,,,
W07101,荆棘之语,1,W0710_1,鞭身生有倒刺，散发黑色邪气。传说打斗之时倒刺会嵌入敌人体内，吸食其血肉,1,36,36,50,-1,1586,10,,,,,,,,,,,,,,,,,,,W07102,
W07102,荆棘之语,2,W0710_2,鞭身生有倒刺，散发黑色邪气。传说打斗之时倒刺会嵌入敌人体内，吸食其血肉,2,36,36,50,-1,2061,15,,,,,,,,,,5,,,,,,,,,W07103,
W07103,荆棘之语,3,W0710_3,鞭身生有倒刺，散发黑色邪气。传说打斗之时倒刺会嵌入敌人体内，吸食其血肉,3,36,36,50,-1,2537,20,,,,,,,,,,10,,,,,,,,,W07104,
W07104,荆棘之语,4,W0710_4,鞭身生有倒刺，散发黑色邪气。传说打斗之时倒刺会嵌入敌人体内，吸食其血肉,4,36,36,50,-1,3013,25,,,,,,,,,,15,,,,25,,,,,,
W08071,冰节杖,1,W0807_1,这把手杖散发出刺骨的寒气 仿佛空气都要被冻结起来,1,24,24,50,-1,443,,,,,,,,,,,,,,,5,,,,,W08072,
W08072,冰节杖,2,W0807_2,这把手杖散发出刺骨的寒气 仿佛空气都要被冻结起来,2,24,24,50,-1,575,10,,,,,,,,,,,,,,8,,,,,W08073,
W08073,冰节杖,3,W0807_3,这把手杖散发出刺骨的寒气 仿佛空气都要被冻结起来,3,24,24,50,-1,708,25,,,,,,,,,,,,,,12,,,,,W08074,
W08074,冰节杖,4,W0807_4,这把手杖散发出刺骨的寒气 仿佛空气都要被冻结起来,4,24,24,50,-1,841,40,,,,,,,,,,,,,,15,,,,,,
W08081,暗巫手杖,1,W0808_1,“这不是我的……” -某暗巫说道,1,28,28,50,-1,753,,,,,,,,,,,,,,,10,,,,,W08082,
W08082,暗巫手杖,2,W0808_2,“这不是我的……” -某暗巫说道,2,28,28,50,-1,978,,,,,,,,10,,,,,,,15,,,,,W08083,
W08083,暗巫手杖,3,W0808_3,“这不是我的……” -某暗巫说道,3,28,28,50,-1,1204,,,,,,,,20,,,,,,,15,10,,,,W08084,
W08084,暗巫手杖,4,W0808_4,“这不是我的……” -某暗巫说道,4,28,28,50,-1,1430,,,,,,,,30,,,,,,,15,15,,,,,
W08091,东南枝,1,W0809_1,徘徊庭树下，自挂东南枝,1,32,32,50,-1,1280,,,,,,,,,,,,,,,,,,,,W08092,
W08092,东南枝,2,W0809_2,徘徊庭树下，自挂东南枝,2,32,32,50,-1,1664,,,,,,,,,15,,,,,,,,,,,W08093,
W08093,东南枝,3,W0809_3,徘徊庭树下，自挂东南枝,3,32,32,50,-1,2048,,,,,,,,,20,,,,,,,15,,,,W08094,
W08094,东南枝,4,W0809_4,徘徊庭树下，自挂东南枝,4,32,32,50,-1,2432,15,,,,,,,,25,,,,,,,20,,,,,
W08101,月魔法杖,1,W0810_1,“血月升起的时候，天空将会被染红”-出自《时之书》,1,36,36,50,-1,2176,,,,,10,,,,,,,,,,,,,,,W08102,
W08102,月魔法杖,2,W0810_2,“血月升起的时候，天空将会被染红”-出自《时之书》,2,36,36,50,-1,2828,5,,,,15,,,,,,,,,,,,,,,W08103,
W08103,月魔法杖,3,W0810_3,“血月升起的时候，天空将会被染红”-出自《时之书》,3,36,36,50,-1,3481,10,,,,20,,,,,,,,,,10,,,,,W08104,
W08104,月魔法杖,4,W0810_4,“血月升起的时候，天空将会被染红”-出自《时之书》,4,36,36,50,-1,4134,25,,,,25,,,,,,,,,,15,,,,,,
W10091,蚀时（之手）,1,W1009_1,“这玩意根本不是这个世界的产物”-猪脚说道,1,32,32,50,-1,632,,,,,,,,,,,5,,,,,,,,,W10092,
W10092,蚀时（之手）,2,W1009_2,“这玩意根本不是这个世界的产物”-猪脚说道,2,32,32,50,-1,821,,,,,,,,,15,,10,,,,,,,,,W10093,
W10093,蚀时（之手）,3,W1009_3,“这玩意根本不是这个世界的产物”-猪脚说道,3,32,32,50,-1,1011,,5,,,,,,,20,,,,,,,,,,,W10094,
W10094,蚀时（之手）,4,W1009_4,“这玩意根本不是这个世界的产物”-猪脚说道,4,32,32,50,-1,1200,15,8,,,,,,,25,,,,,,,,,,,,
W10101,滞空（之令）,1,W1010_1,传说有东西可以操控时间流动，它的名字叫“滞空”,1,36,36,50,-1,1074,,,,,10,,,,,,,,,,,,,,,W10102,
W10102,滞空（之令）,2,W1010_2,传说有东西可以操控时间流动，它的名字叫“滞空”,2,36,36,50,-1,1396,,,,,15,,,,,,5,,,,,,,,,W10103,
W10103,滞空（之令）,3,W1010_3,传说有东西可以操控时间流动，它的名字叫“滞空”,3,36,36,50,-1,1718,,5,,,20,,,,,,10,,,,,,,,,W10104,
W10104,滞空（之令）,4,W1010_4,传说有东西可以操控时间流动，它的名字叫“滞空”,4,36,36,50,-1,2040,,10,,,25,,,,,,15,,,,,,,,,,
W90101,试炼短衫,,W90101,穷苦生活的代表，穿这种衣服都不好意思出门见人,1,1,1,50,-1,,,,,,,,4,,,,,,,,,,,,,,
W90102,毛皮长衣,,W90102,兽皮缝制的长袍，能档住凛冽的寒风,1,4,4,50,-1,,,,,,,,8,,,,,,,,,,,,,,
W90103,斗士短袍,,W90103,普通斗士的短袍，衣角有些磨损,2,8,8,50,-1,,,,,,,,14,,,,,,,,,,,,,,
W90104,血魂短袍,,W90104,沙漠中的魔兽的皮制作的，看起很不错,2,12,12,50,-1,,,,,,,,27,,,,,,,,,,,,,,
W90105,人狼斗篷,,W90105,虽然做工很粗糙，但质量出奇的好,3,16,16,50,-1,,,,,,,,46,,,,,,,,,,,,,,
W90106,秘银长袍,,W90106,镶嵌着小片秘银的长袍，坚韧而实用,3,20,20,50,-1,,,,,,,,65,,,,,,,,,,,,,,
W90107,遮天长袍,,W90107,紫金锻造的战甲，华贵且有着极强的防御力,4,24,24,50,-1,,,,,,,,85,,,,,,,,,,,,,,
W90108,龙魂战袍,,W90108,古朴的式样看似貌不惊人，实际蕴含着神秘力量,4,28,28,50,-1,,,,,,,,105,,,,,,,,,,,,,,
W90109,幻魔长袍,,W90109,魔王的胃甲，一不小心极有可能被其迷失心智,5,32,32,50,-1,,,,,,,,149,,,,,,,,,,,,,,
W90110,魔龙斗篷,,W90110,龙骨打造而成的盔甲，虽表面布满裂痕，但是仍能感受到其中蕴含的庞大能量,5,36,36,50,-1,,,,,,,,194,,,,,,,,,,,,,,
W90201,试炼短裤,,W90201,劣质皮制作的裤子，适合做重活时穿,1,1,1,50,-1,,,,,,,,3,,,,,,,,,,,,,,
W90202,毛皮长裤,,W90202,普通长裤，保暖又舒服,1,4,4,50,-1,,,,,,,,6,,,,,,,,,,,,,,
W90203,轻盈长裤,,W90203,在保证舒适的前提下加了一些花纹,2,8,8,50,-1,,,,,,,,13,,,,,,,,,,,,,,
W90204,斗士长裤,,W90204,更适合用来展示而不是穿着去战斗,2,12,12,50,-1,,,,,,,,22,,,,,,,,,,,,,,
W90205,血魄长裤,,W90205,板甲上布满了红色血迹，不知道是敌人还是穿戴者的,3,16,16,50,-1,,,,,,,,30,,,,,,,,,,,,,,
W90206,丛林长裤,,W90206,有着丛林的气息，非常漂亮的裤子,3,20,20,50,-1,,,,,,,,52,,,,,,,,,,,,,,
W90207,兽魂短裤,,W90207,沙漠中的魔兽的皮制作的，看起很不错,4,24,24,50,-1,,,,,,,,70,,,,,,,,,,,,,,
W90208,蔽日长裤,,W90208,隔热效果很棒，不小心溅到岩浆的话也不会被烫熟,4,28,28,50,-1,,,,,,,,99,,,,,,,,,,,,,,
W90209,精锐长裤,,W90209,炎城精锐打造的长裤，厚重的甲片几乎密不透风,5,32,32,50,-1,,,,,,,,120,,,,,,,,,,,,,,
W90210,冰魂长裤,,W90210,外表很冰冷,5,36,36,50,-1,,,,,,,,153,,,,,,,,,,,,,,
W90301,试炼靴,,W90301,式样简单，最大的特点就是它很旧,1,1,1,50,-1,,,,,,,,2,,,,,,,,,,,,,,
W90302,毛皮轻靴,,W90302,看起来像是用皮做的布鞋,1,4,4,50,-1,,,,,,,,3,,,,,,,,,,,,,,
W90303,斗士之靴,,W90303,非常好的靴子，各方面都很完美,2,8,8,50,-1,,,,,,,,5,,,,,,,,,,,,,,
W90304,灵风长靴,,W90304,即使长途跋涉也不会觉得不舒服,2,12,12,50,-1,,,,,,,,8,,,,,,,,,,,,,,
W90305,作战长靴,,W90305,穿着它可以尽情的踩踏蹂躏敌人,3,16,16,50,-1,,,,,,,,14,,,,,,,,,,,,,,
W90306,秘银之靴,,W90306,漠特产的矿石所打造，朴素但非常坚硬,3,20,20,50,-1,,,,,,,,17,,,,,,,,,,,,,,
W90307,踏云战靴,,W90307,矿石所打造，充满了神秘力量,4,24,24,50,-1,,,,,,,,24,,,,,,,,,,,,,,
W90308,疾风战靴,,W90308,穿上它吧，你会跑的特别快,4,28,28,50,-1,,,,,,,,29,,,,,,,,,,,,,,
W90309,英魂长靴,,W90309,镶嵌着玄晶的战靴，有极强的防御力，能提升气势,5,32,32,50,-1,,,,,,,,33,,,,,,,,,,,,,,
W90310,炎火长靴,,W90310,让你有熔岩一样的热情，永不消退,5,36,36,50,-1,,,,,,,,39,,,,,,,,,,,,,,
W90401,初心护符,,W90401,普通的农家织物编成的护符，满含着祝福和思念的信物,1,1,1,50,-1,,,,,,,,1,,,,,,,,,,,,,,
W90402,角阵护符,,W90402,由工匠精心打造而成，对佩带者的战斗有一定帮助,1,4,4,50,-1,,,,,,2,,1,,,,,,,,,,,,,,
W90403,光辉护符,,W90403,能够帮助佩带者凝聚能量，是初学武者首选护符,2,8,8,50,-1,,,,,,,,2,,,,,,,,,,,,,,
W90404,专注护符,,W90404,你更加专注了,2,12,12,50,-1,,,,,,,,3,,,,,,,,,,,,,,
W90405,幸运护符,,W90405,幸运女神在微笑…,3,16,16,50,-1,,,,,,,,4,,,,,,,,,,,,,,
W90406,坚韧护符,,W90406,坚忍不拔，就像他的主人,3,20,20,50,-1,,,,,,,,6,,,,,,,,,,,,,,
W90407,信念护符,,W90407,被遗忘的朋友赠送的礼物…,4,24,24,50,-1,,,,,,,,10,,,,,,,,,,,,,,
W90408,狂暴护符,,W90408,佩戴者将能够疯狂地使用不属于自己的力量,4,28,28,50,-1,,,,,,,,14,,,,,,,,,,,,,,
W90409,海神心锁,,W90409,海神仿佛在为你助威,5,32,32,50,-1,,,,,,,,18,,,,,,,,,,,,,,
W90410,深渊护符,,W90410,痛苦与怨恨被封印于项坠之中，佩戴者必将获取深不可测的力量。,5,36,36,50,-1,,,,,,,,21,,,,,,,,,,,,,,
W90501,学徒吊坠,,W90501,使用细碎的晶石制作而成，对佩带者凝聚魔力有些许帮助,1,1,1,50,-1,,,,,,,,1,,,,,,,,,,,,,,
W90502,白银项链,,W90502,白银项链，普通的道具店均有出售,1,4,4,50,-1,,2,,,,,,2,,,,,,,,,,,,,,
W90503,狼牙吊坠,,W90503,凶猛野兽的骨与牙,2,8,8,50,-1,,,,,,,,3,,,,,,,,,,,,,,
W90504,旅者项链,,W90504,戴着它你也有种想去旅行的冲动,2,12,12,50,-1,,,,,,,,4,,,,,,,,,,,,,,
W90505,暗月吊坠,,W90505,有比较好的防毒效果,3,16,16,50,-1,,,,,,,,6,,,,,,,,,,,,,,
W90506,祝福珠链,,W90506,看似朴素无华，让但其中蕴含的力量让持有者禁不住为之动容,3,20,20,50,-1,,,,,,,,8,,,,,,,,,,,,,,
W90507,火焰项链,,W90507,项链上有谈蓝色火焰缠绕涌动，深受冒险者亲睐,4,24,24,50,-1,,,,,,,,13,,,,,,,,,,,,,,
W90508,龙牙项链,,W90508,勇气和强大武技的象征,4,28,28,50,-1,,,,,,,,16,,,,,,,,,,,,,,
W90509,新月之珠,,W90509,厄运新星的另一个形态（主角脖子上的那颗）,5,32,32,50,-1,,,,,,,,20,,,,,,,,,,,,,,
W90510,天启项链,,W90510,戴着它，你或许会开启下一个纪元,5,36,36,50,-1,,,,,,,,26,,,,,,,,,,,,,,
W90601,铁指环,,W90601,看起来很旧，但应该有点作用,1,1,1,50,-1,,,,,,,,1,,,,,,,,,,,,,,
W90602,白银指环,,W90602,白银所做，带着它难免会招致盗匪的算计,1,4,4,50,-1,,,,,,,,1,,2,,,,,,,,,,,,
W90603,探险戒指,,W90603,神秘探险家的遗物，它会也许会帮您找到更多宝物,2,8,8,50,-1,,,,,,,,2,,,,,,,,,,,,,,
W90604,蓝色戒指,,W90604,它真的是蓝色的，不过有,2,12,12,50,-1,,,,,,,,2,,,,,,,,,,,,,,
W90605,蛮力戒指,,W90605,有着可怕战斗力的蛮族战士的证明,3,16,16,50,-1,,,,,,,,4,,,,,,,,,,,,,,
W90606,沉睡戒指,,W90606,戴上它，你的敌人将陷入沉睡了,3,20,20,50,-1,,,,,,,,6,,,,,,,,,,,,,,
W90607,鎏金扳指,,W90607,以金玉打造而成的扳指，造型美观，精雕细琢,4,24,24,50,-1,,,,,,,,9,,,,,,,,,,,,,,
W90608,极光戒指,,W90608,完美无瑕，无懈可击，你不知道它是怎么被铸造出来的,4,28,28,50,-1,,,,,,,,12,,,,,,,,,,,,,,
W90609,银星戒指,,W90609,“银星在闪耀”,5,32,32,50,-1,,,,,,,,14,,,,,,,,,,,,,,
W90610,冥眼灵戒,,W90610,上面的眼睛似乎一直在盯着你,5,36,36,50,-1,,,,,,,,17,,,,,,,,,,,,,,
W91104,星纹长袍,,W91104,有神秘的图案附着在衣服之上,2,12,12,50,-1,,,,,,,,21,,,,,,,,,,,,,,
W91105,信仰长袍,,W91105,走动时袍子上的铃铛发出悦耳的声音，有些令人迷失,3,16,16,50,-1,,,,,,,,30,,,,,,,,,,,,,,
W91106,心念长袍,,W91106,这代表我的心念 -暗巫说道,3,20,20,50,-1,,,,,,,,45,,,,,,,,,,,,,,
W91107,元素长袍,,W91107,图案华丽，质地精致的长袍，有很强的防御力,4,24,24,50,-1,,,,,,,,60,,,,,,,,,,,,,,
W91108,银翼法袍,,W91108,华丽而且实用，穿起来真的很好看，呵呵,4,28,28,50,-1,,,,,,,,80,,,,,,,,,,,,,,
W91109,冰雪长袍,,W91109,雪白的长袍，挥之不去的寒气围绕着它,5,32,32,50,-1,,,,,,,,105,,,,,,,,,,,,,,
W91110,血月纱衣,,W91110,“血月不止是遥远的传说”-《时之书》,5,36,36,50,-1,,,,,,,,128,,,,,,,,,,,,,,
W91204,星纹长裤,,W91204,星纹套装之一，普通人用不起上等货,2,12,12,50,-1,,,,,,,,21,,,,,,,,,,,,,,
W91205,使徒长裤,,W91205,值得信赖的防护力，一定可以守住贞操的~~ ,3,16,16,50,-1,,,,,,,,30,,,,,,,,,,,,,,
W91206,紫色长裤,,W91206,深深浅浅的紫色散发幽魅的气息,3,20,20,50,-1,,,,,,,,45,,,,,,,,,,,,,,
W91207,自然长裤,,W91207,穿上它你的法力亲和提高了,4,24,24,50,-1,,,,,,,,60,,,,,,,,,,,,,,
W91208,毒巫长裤,,W91208,毒巫的长裤，据说可以有效的隔防止毒素的入侵,4,28,28,50,-1,,,,,,,,80,,,,,,,,,,,,,,
W91209,唤灵长裤,,W91209,长裤上刻有咒符，拥有较强的法力,5,32,32,50,-1,,,,,,,,105,,,,,,,,,,,,,,
W91210,冰火长裤,,W91210,冰与火的力量奇迹般融合在了一起,5,36,36,50,-1,,,,,,,,128,,,,,,,,,,,,,,
W91304,星纹短靴,,W91304,有点水平的上等货，有一定防护力,2,12,12,50,-1,,,,,,,,8,,,,,,,,,,,,,,
W91305,疾行短靴,,W91305,旅行者专用的轻鞋，穿上这鞋，什么地方都能去…,3,16,16,50,-1,,,,,,,,16,,,,,,,,,,,,,,
W91306,新月之靴,,W91306,法师们所喜爱的鞋子，据说有防水功能,3,20,20,50,-1,,,,,,,,20,,,,,,,,,,,,,,
W91307,术师之靴,,W91307,强大召唤师的靴子，它还没被穿过…,4,24,24,50,-1,,,,,,,,24,,,,,,,,,,,,,,
W91308,宁静之靴,,W91308,心若冰清，天塌不惊,4,28,28,50,-1,,,,,,,,32,,,,,,,,,,,,,,
W91309,冰晶魔靴,,W91309,穿上这只鞋是你感觉有点冷,5,32,32,50,-1,,,,,,,,36,,,,,,,,,,,,,,
W91310,水灵净履,,W91310,绘有神秘的法纹的鞋子，隐秘而不俗,5,36,36,50,-1,,,,,,,,48,,,,,,,,,,,,,,
W91404,潮汐护符,,W91404,如果不是上面有特殊的水波纹饰，就跟路边的小石块没有差别,2,12,12,50,-1,,,,,,,,2,,,,,,,,,,,,,,
W91405,碎石护符,,W91405,大声念颂那些久远的咒语，奇迹便会发生,3,16,16,50,-1,,,,,,,,4,,,,,,,,,,,,,,
W91406,恶魔护符,,W91406,只是盯着看就觉得非常可怕,3,20,20,50,-1,,,,,,,,6,,,,,,,,,,,,,,
W91407,远古护符,,W91407,上面雕刻着奇怪的花纹，是上一个文明的残留吧,4,24,24,50,-1,,,,,,,,12,,,,,,,,,,,,,,
W91408,元素护符,,W91408,被注入元素之力的护符，关键时刻将发挥意想不到的强大作用,4,28,28,50,-1,,,,,,,,16,,,,,,,,,,,,,,
W91409,七星魔印,,W91409,铭刻着神奇魔法阵的护符，将生命交给手中的利剑，将信仰交给它吧,5,32,32,50,-1,,,,,,,,18,,,,,,,,,,,,,,
W91410,银月圣印,,W91410,传说它的光芒能够为凡人指出命运的方向,5,36,36,50,-1,,,,,,,,24,,,,,,,,,,,,,,
W91504,水晶吊坠,,W91504,水晶会给你带来好运,2,12,12,50,-1,,,,,,,,4,,,,,,,,,,,,,,
W91505,能量项链,,W91505,你能感觉到能量在缓慢恢复,3,16,16,50,-1,,,,,,,,8,,,,,,,,,,,,,,
W91506,五色吊坠,,W91506,华丽颜色引人注目，也许有你想不到的作用,3,20,20,50,-1,,,,,,,,12,,,,,,,,,,,,,,
W91507,妖精吊坠,,W91507,带上它似乎施展法术也会变得更有威力。,4,24,24,50,-1,,,,,,,,18,,,,,,,,,,,,,,
W91508,灵动项链,,W91508,能够赋予佩带者强大的生命和防御能力而著称。,4,28,28,50,-1,,,,,,,,24,,,,,,,,,,,,,,
W91509,散华吊坠,,W91509,经过千锤百炼之后打造的吊坠，晶光闪烁，流光异彩,5,32,32,50,-1,,,,,,,,27,,,,,,,,,,,,,,
W91510,混沌之链,,W91510,它给予法师无穷无尽的力量，同时侵蚀使用者的神智,5,36,36,50,-1,,,,,,,,36,,,,,,,,,,,,,,
W91604,星纹之戒,,W91604,螺旋的星纹盘绕在戒指之上,2,12,12,50,-1,,,,,,,,1,,,,,,,,,,,,,,
W91605,黑玉戒指,,W91605,黑色玉石雕刻的蛇型戒指，蕴涵了一股莫名的力量,3,16,16,50,-1,,,,,,,,2,,,,,,,,,,,,,,
W91606,信仰之戒,,W91606,带上它的时候，你的命运就被改写了,3,20,20,50,-1,,,,,,,,3,,,,,,,,,,,,,,
W91607,灵魂之戒,,W91607,封印了灵魂咒术的戒指，咒力在表面形成了纹理，预示其不凡,4,24,24,50,-1,,,,,,,,6,,,,,,,,,,,,,,
W91608,魔女戒指,,W91608,未知的神奇戒指，能够为佩戴者带来接近永恒的生命和不老的容貌,4,28,28,50,-1,,,,,,,,8,,,,,,,,,,,,,,
W91609,祭司戒指,,W91609,丛林祭祀的戒指，大祭司的象征,5,32,32,50,-1,,,,,,,,9,,,,,,,,,,,,,,
W91610,风暴眼,,W91610,靠近它的敌人都会被暴风吞噬,5,36,36,50,-1,,,,,,,,12,,,,,,,,,,,,,,
W92105,阴暗斗篷,,W92105,它本来就是黑色的,3,16,16,50,-1,,,,,,,,25,,,,,,,,,,,,,,
W92106,星云斗篷,,W92106,闪着细碎的光芒，那是星痕闪烁的幽光,3,20,20,50,-1,,,,,,,,35,,,,,,,,,,,,,,
W92107,隐匿斗篷,,W92107,你穿上它我好像看不到你了…,4,24,24,50,-1,,,,,,,,58,,,,,,,,,,,,,,
W92108,梦境披肩,,W92108,形如鬼魅，灵气横溢,4,28,28,50,-1,,,,,,,,75,,,,,,,,,,,,,,
W92109,暗夜斗篷,,W92109,你和黑暗融为一体了,5,32,32,50,-1,,,,,,,,95,,,,,,,,,,,,,,
W92110,亡者斗篷,,W92110,他们看不到你出现，但一定可以看到你离开,5,36,36,50,-1,,,,,,,,118,,,,,,,,,,,,,,
W92205,沙漠短裤,,W92205,适合沙漠中的生活，防风防沙,3,16,16,50,-1,,,,,,,,20,,,,,,,,,,,,,,
W92206,精致长裤,,W92206,稍微有点修饰，算是高级品,3,20,20,50,-1,,,,,,,,35,,,,,,,,,,,,,,
W92207,阴霾下装,,W92207,皮革材质短裤，虽然有点厚但有紧身效果,4,24,24,50,-1,,,,,,,,43,,,,,,,,,,,,,,
W92208,夜行长裤,,W92208,这件黑色长裤使得夜间的行动更为隐秘，此甲防御高且质量轻，行动灵活,4,28,28,50,-1,,,,,,,,60,,,,,,,,,,,,,,
W92209,隐匿长裤,,W92209,穿上它在矮草中潜行也不会被发现,5,32,32,50,-1,,,,,,,,75,,,,,,,,,,,,,,
W92210,暗影短裤,,W92210,穿着会令人克服任何恐惧的轻便紧身衣。,5,36,36,50,-1,,,,,,,,104,,,,,,,,,,,,,,
W92305,阴影木屐,,W92305,虽然是木头做的鞋子，但是穿起来却异常舒服,3,16,16,50,-1,,,,,,,,15,,,,,,,,,,,,,,
W92306,轻盈长靴,,W92306,踩进沼泽里的话可以有机会把脚拔出来,3,20,20,50,-1,,,,,,,,20,,,,,,,,,,,,,,
W92307,鬼魅便鞋,,W92307,穿上它的时候，你隐约感觉到,4,24,24,50,-1,,,,,,,,26,,,,,,,,,,,,,,
W92308,幽影短靴,,W92308,我藏在暗影里面，等待发动致命一击,4,28,28,50,-1,,,,,,,,35,,,,,,,,,,,,,,
W92309,神秘之靴,,W92309,穿上之后走过9999步，将会发生非常神秘的事情,5,32,32,50,-1,,,,,,,,50,,,,,,,,,,,,,,
W92310,火舞之靴,,W92310,靴子的底部燃烧着火焰，让人在灼热中感觉到力量,5,36,36,50,-1,,,,,,,,67,,,,,,,,,,,,,,
W92405,闪光护符,,W92405,“闪瞎你的眼睛”,3,16,16,50,-1,,,,,,,,4,,,,,,,,,,,,,,
W92406,刺青护符,,W92406,一种古老的图案浮现在护符之上，说不出的狰狞,3,20,20,50,-1,,,,,,,,5,,,,,,,,,,,,,,
W92407,静心护符,,W92407,如星辰在黑夜中闪亮，使人精神培增,4,24,24,50,-1,,,,,,,,7,,,,,,,,,,,,,,
W92408,邪眼护符,,W92408,可以感受的黑暗力量在注视着你,4,28,28,50,-1,,,,,,,,8,,,,,,,,,,,,,,
W92409,火瞳护符,,W92409,当佩戴上这道不祥的战符，黑暗的力量便会主宰一切。,5,32,32,50,-1,,,,,,,,10,,,,,,,,,,,,,,
W92410,诅咒玉佩,,W92410,我的诅咒永不逝去，你的力量永不消散,5,36,36,50,-1,,,,,,,,11,,,,,,,,,,,,,,
W92505,妖犬牙饰,,W92505,犬妖牙做的项链,3,16,16,50,-1,,,,,,,,5,,,,,,,,,,,,,,
W92506,星石项链,,W92506,镶嵌着一个个方形宝石是个性的体现,3,20,20,50,-1,,,,,,,,6,,,,,,,,,,,,,,
W92507,诅咒吊坠,,W92507,虽然是受了诅咒，却可以给人带来好运,4,24,24,50,-1,,,,,,,,8,,,,,,,,,,,,,,
W92508,阴阳项链,,W92508,你感受得到得能量笼罩着你,4,28,28,50,-1,,,,,,,,9,,,,,,,,,,,,,,
W92509,幽鬼项链,,W92509,怪异的设计，充满了未知的神秘力量,5,32,32,50,-1,,,,,,,,10,,,,,,,,,,,,,,
W92510,寒霜吊坠,,W92510,在炎热之时戴上它，可使身体凉爽舒适,5,36,36,50,-1,,,,,,,,12,,,,,,,,,,,,,,
W92605,漆黑戒指,,W92605,螺旋形的独特戒指，据说可以吸收法力,3,16,16,50,-1,,,,,,,,2,,,,,,,,,,,,,,
W92606,众望之戒,,W92606,心之所向，众望所归,3,20,20,50,-1,,,,,,,,3,,,,,,,,,,,,,,
W92607,玲珑指环,,W92607,以纯粹的精金打造，除了实用价值之外也甚为美观,4,24,24,50,-1,,,,,,,,4,,,,,,,,,,,,,,
W92608,红玉扳指,,W92608,红玉所制的戒指，上面用金丝缠绕出各种图案,4,28,28,50,-1,,,,,,,,5,,,,,,,,,,,,,,
W92609,七色指环,,W92609,来历不明的神秘戒指，镯身散发着七色的光芒,5,32,32,50,-1,,,,,,,,6,,,,,,,,,,,,,,
W92610,骨玉玉戒,,W92610,名为“骨玉”的玉戒指，来历没人知道,5,36,36,50,-1,,,,,,,,8,,,,,,,,,,,,,,
W93109,幽钢装甲,,W93109,重要部位上添加了许多珍贵金属部件，整体防护性能提高很多,5,32,32,50,-1,,,,,,,,33,,,,30,30,,,,,,,,,
W93110,电磁护甲,,W93110,充满了高端科技气息的装备，也许是神魔大战的遗留产物,5,36,36,50,-1,,,,,,,,42,,,,,,,,,,,,,,
W93209,魔能甲,,W93209,跨时代的设计，意外的受欢迎,5,32,32,50,-1,,,,,,,,33,,,,,,,,,,,,,,
W93210,能量装置,,W93210,这件装备颠覆了你的世界观,5,36,36,50,-1,,,,,,,,42,,40,,,,40,,,,,,,,
W93309,能量靴,,W93309,能量驱动，提升使用者的速度,5,32,32,50,-1,,,,,,,,33,,,,,,,,,,,,,,
W93310,魔械靴,,W93310,上古科技的产物，构造复杂，制作精密,5,36,36,50,-1,,,,,,,,42,,,,,,,,,,,,,,
W93409,磁性护符,,W93409,一种莫名的力量牵引着你,5,32,32,50,-1,,,,,,,,33,,,,,,,,,,,,,,
W93410,寒冰符佩,,W93410,刺骨的寒冷在慢慢凝结,5,36,36,50,-1,,,,,,,,42,,,,,,,,,,,,,,
W93509,狂暴珠链,,W93509,带上它你会变的狂暴,5,32,32,50,-1,,,,,,,,33,,,,,,,,,,,,,,
W93510,魔能项链,,W93510,理解不了的能量在项链中涌动，它也许只适合时光守护者,5,36,36,50,-1,,,,,,,,42,,,,,,,,,,,,,,
W93609,静电指环,,W93609,闪耀的电弧缠绕着指环,5,32,32,50,-1,,,,,,,,33,,,,,,,,,,,,,,
W93610,灵力指环,,W93610,能量恢复在加快,5,36,36,50,-1,,,,,,,,42,,,,,,,,,,,,,,
,,,,,,,,,,,,,,,,,,,,,,,,,,,,,,,
,,,,,,,,,,,,,,,,,,,,,,,,,,,,,,,
,,,,,,,,,,,,,,,,,,,,,,,,,,,,,,,
,,,,,,,,,,,,,,,,,,,,,,,,,,,,,,,
,,,,,,,,,,,,,,,,,,,,,,,,,,,,,,,
,,,,,,,,,,,,,,,,,,,,,,,,,,,,,,,
,,,,,,,,,,,,,,,,,,,,,,,,,,,,,,,
,,,,,,,,,,,,,,,,,,,,,,,,,,,,,,,
,,,,,,,,,,,,,,,,,,,,,,,,,,,,,,,
,,,,,,,,,,,,,,,,,,,,,,,,,,,,,,,
,,,,,,,,,,,,,,,,,,,,,,,,,,,,,,,
,,,,,,,,,,,,,,,,,,,,,,,,,,,,,,,
,,,,,,,,,,,,,,,,,,,,,,,,,,,,,,,
,,,,,,,,,,,,,,,,,,,,,,,,,,,,,,,
,,,,,,,,,,,,,,,,,,,,,,,,,,,,,,,
,,,,,,,,,,,,,,,,,,,,,,,,,,,,,,,
,,,,,,,,,,,,,,,,,,,,,,,,,,,,,,,
,,,,,,,,,,,,,,,,,,,,,,,,,,,,,,,
,,,,,,,,,,,,,,,,,,,,,,,,,,,,,,,
,,,,,,,,,,,,,,,,,,,,,,,,,,,,,,,
,,,,,,,,,,,,,,,,,,,,,,,,,,,,,,,
,,,,,,,,,,,,,,,,,,,,,,,,,,,,,,,
,,,,,,,,,,,,,,,,,,,,,,,,,,,,,,,
,,,,,,,,,,,,,,,,,,,,,,,,,,,,,,,
,,,,,,,,,,,,,,,,,,,,,,,,,,,,,,,
,,,,,,,,,,,,,,,,,,,,,,,,,,,,,,,
,,,,,,,,,,,,,,,,,,,,,,,,,,,,,,,
,,,,,,,,,,,,,,,,,,,,,,,,,,,,,,,
,,,,,,,,,,,,,,,,,,,,,,,,,,,,,,,
,,,,,,,,,,,,,,,,,,,,,,,,,,,,,,,
,,,,,,,,,,,,,,,,,,,,,,,,,,,,,,,
,,,,,,,,,,,,,,,,,,,,,,,,,,,,,,,
,,,,,,,,,,,,,,,,,,,,,,,,,,,,,,,
